prompt,qwen3_avg_time,qwen3_avg_throughput,qwen3_success_rate,qwen3-vllm_avg_time,qwen3-vllm_avg_throughput,qwen3-vllm_success_rate
请解释一下机器学习的基本概念,27.50047206878662,7.63623255174418,1.0,30.60249376296997,7.526619729665439,1.0
写一个关于人工智能的短故事,12.109610319137573,1.486422727538431,1.0,13.330807209014893,1.5752984549801945,1.0
如何提高编程技能？请给出具体建议,36.051076571146645,8.793079989564301,1.0,36.22220905621847,8.26380668469874,1.0
用Python写一个快速排序算法,11.407817363739014,11.4833535481027,1.0,13.854691982269287,12.005559816573365,1.0
谈谈气候变化对全球经济的影响,25.04912829399109,3.885697425913306,1.0,26.086400667826336,3.820636964669126,1.0
